바차, 54, 168
파카, 73, 144
라나, 86, 146
아바, 75, 151
하카, 53, 193
카차, 80, 153
마타, 77, 188
다라, 59, 150
하파, 56, 192
가자, 48, 188
자차, 72, 167
하파, 43, 141
바마, 56, 168
타사, 94, 148
하하, 62, 153
자나, 47, 156
타파, 56, 188
차자, 72, 151
바타, 61, 177
사가, 73, 177
다다, 81, 184
하카, 63, 144
가가, 93, 150
나바, 85, 160
타바, 81, 170
아아, 73, 197
파카, 75, 158
타나, 67, 159
사타, 91, 165
가마, 54, 164
자바, 72, 154
타아, 74, 183
사나, 52, 164
아타, 72, 177
아타, 79, 199
나바, 44, 199
하차, 50, 190
파마, 95, 166
가사, 83, 167
타아, 78, 150
자마, 42, 157
카카, 45, 157
하나, 73, 148
차라, 81, 170
라파, 80, 176
타나, 80, 142
나파, 84, 163
하사, 64, 175
바차, 98, 144
자타, 95, 180
차차, 82, 163
다차, 74, 147
라자, 98, 191
나가, 86, 188
라마, 92, 193
카라, 48, 164
사사, 76, 171
카자, 97, 160
나사, 96, 175
카카, 72, 172
라마, 42, 165
가카, 76, 185
사바, 77, 157
나나, 82, 197
하자, 94, 161
다하, 56, 174
파자, 99, 142
사바, 99, 140
나사, 60, 187
파카, 81, 143
나바, 68, 167
카다, 46, 146
사아, 49, 157
아라, 96, 148
라마, 89, 178
사자, 96, 149
마라, 40, 184
파타, 47, 147
바가, 46, 182
마차, 51, 181
차다, 92, 193
나파, 93, 197
자라, 90, 145
타타, 41, 180
차마, 73, 176
아파, 66, 181
가사, 74, 159
라다, 48, 148
카아, 80, 157
자마, 67, 167
바타, 80, 163
카아, 83, 199
마자, 59, 174
자가, 45, 164
마마, 58, 185
라라, 89, 169
바마, 52, 184
파자, 81, 195
하아, 46, 159
나사, 53, 193
라카, 90, 171
다파, 49, 194
차라, 50, 140
차카, 67, 158
다타, 94, 164
사가, 57, 146
아다, 88, 149
바자, 41, 199
카파, 73, 195
라하, 45, 141
카하, 60, 154
나가, 46, 144
사자, 79, 187
자차, 76, 146
타자, 54, 156
하바, 52, 189
마나, 59, 198
아마, 90, 140
사라, 69, 159
자카, 46, 194
라사, 49, 190
바사, 53, 196
자사, 87, 168
타가, 82, 187
바라, 72, 141
자나, 49, 143
나바, 40, 189
자타, 94, 156
하하, 71, 159
마사, 99, 195
가마, 45, 199
자나, 88, 143
타카, 53, 162
하타, 96, 196
카타, 55, 165
사사, 94, 178
다아, 80, 156
마하, 98, 188
마아, 87, 190
라아, 53, 160
타바, 76, 144
다파, 72, 195
사카, 46, 180
마다, 62, 141
카카, 49, 156
라마, 47, 180
타다, 52, 176
파나, 44, 141
마바, 65, 195
타아, 48, 157
아타, 89, 178
가파, 90, 181
가자, 91, 186
파자, 56, 141
마마, 74, 185
하차, 74, 198
하가, 73, 146
파차, 87, 186
하파, 62, 180
타가, 95, 143
자차, 71, 170
다타, 78, 149
파카, 83, 145
차나, 55, 153
하자, 97, 165
아파, 51, 174
하하, 75, 192
나타, 73, 196
카차, 73, 180
아카, 98, 144
차마, 57, 165
라가, 44, 157
아차, 52, 160
바차, 99, 144
바나, 83, 182
마마, 72, 141
카다, 74, 152
마카, 86, 190
다가, 95, 193
다타, 51, 167
파타, 53, 195
타파, 93, 164
라마, 47, 145
아사, 67, 175
가라, 59, 156
파파, 87, 177
가다, 59, 185
타타, 83, 158
라라, 75, 192
차아, 77, 149
마라, 56, 181
나하, 42, 176
자바, 72, 163
바파, 86, 164
라다, 64, 153
다바, 57, 165
파파, 49, 164
나파, 88, 182
자파, 57, 145
가바, 85, 191
바사, 57, 144
다마, 45, 160
나아, 70, 187
카아, 51, 184
가라, 43, 192
차파, 99, 197
아다, 88, 179
하카, 68, 180
파나, 50, 151
카자, 77, 197
다차, 51, 173
라파, 80, 183
라차, 44, 140
카마, 65, 175
마다, 58, 189
차아, 80, 171
아아, 45, 153
파가, 53, 198
카가, 98, 161
파하, 80, 168
가바, 68, 175
타카, 51, 198
파차, 97, 176
아라, 78, 140
자차, 77, 148
아타, 61, 167
사가, 67, 150
가사, 99, 192
가하, 46, 193
파카, 88, 169
다파, 46, 195
자카, 49, 195
차가, 74, 172
카사, 75, 187
파자, 72, 156
차나, 98, 156
사라, 76, 195
가다, 40, 153
가라, 45, 170
타파, 74, 180
파카, 72, 171
타자, 95, 147
라파, 64, 189
차하, 54, 194
차가, 41, 169
타라, 87, 168
마하, 61, 160
하차, 58, 183
아다, 78, 196
차바, 67, 180
나아, 76, 147
가하, 55, 169
아마, 51, 158
다하, 99, 186
차카, 81, 141
라카, 79, 174
차하, 62, 160
가라, 56, 183
가하, 54, 181
파타, 83, 168
카자, 92, 195
라사, 87, 186
카마, 93, 146
마하, 40, 159
다하, 81, 145
라다, 48, 184
가아, 43, 188
마하, 58, 156
하아, 41, 149
타아, 64, 196
아카, 68, 159
타바, 63, 192
하라, 89, 169
가마, 74, 156
카바, 58, 185
타카, 42, 146
차아, 92, 153
마마, 47, 186
파차, 86, 152
다가, 89, 172
카타, 99, 154
차라, 95, 150
차파, 58, 140
파사, 64, 140
가자, 75, 167
다자, 56, 177
타라, 42, 167
카파, 69, 189
파카, 52, 192
가타, 43, 180
다바, 74, 179
아차, 91, 158
카다, 97, 196
나자, 48, 170
마차, 84, 173
다타, 98, 168
아카, 58, 187
나사, 95, 161
마차, 61, 158
파타, 91, 154
타사, 92, 171
마하, 62, 155
가하, 87, 191
나자, 94, 167
바타, 90, 143
바가, 54, 161
바자, 43, 188
타나, 59, 144
사타, 74, 144
타다, 82, 169
다마, 80, 182
라사, 90, 177
아하, 48, 141
카마, 67, 152
나가, 59, 190
파타, 43, 151
차하, 90, 148
마바, 80, 165
타아, 56, 164
마사, 43, 159
차나, 66, 169
다차, 80, 159
아나, 98, 165
파마, 64, 168
하하, 52, 161
파카, 84, 175
자자, 42, 173
파바, 50, 186
타하, 67, 185
카마, 95, 146
타마, 46, 152
차바, 66, 153
하다, 59, 148
타차, 83, 159
가파, 43, 156
라하, 63, 174
나사, 77, 184
마마, 54, 165
타파, 55, 158
아하, 49, 193
나나, 95, 167
마차, 84, 152
라다, 44, 156
라라, 56, 189
하타, 92, 182
자바, 81, 153
자나, 40, 179
타파, 69, 158
가아, 98, 169
자라, 98, 178
파파, 47, 144
자사, 94, 189
하사, 59, 178
카나, 43, 145
나하, 69, 144
카사, 92, 156
바차, 98, 195
자사, 46, 176
하타, 57, 152
다차, 53, 156
타카, 75, 153
다마, 41, 199
라자, 87, 186
다마, 86, 196
다타, 65, 170
가마, 69, 172
가하, 79, 164
마다, 41, 148
라가, 73, 164
가차, 48, 186
마가, 94, 185
자가, 50, 162
카자, 59, 188
바바, 68, 141
타나, 69, 160
바차, 88, 173
파사, 73, 182
나차, 97, 170
카바, 67, 141
마파, 73, 160
다라, 58, 177
차다, 43, 190
카카, 42, 163
바나, 80, 173
라자, 61, 154
마파, 69, 142
차자, 49, 151
나가, 92, 161
자카, 91, 187
바가, 58, 177
바타, 92, 145
다하, 89, 199
사가, 86, 159
카카, 70, 195
바마, 71, 192
차사, 65, 159
바자, 46, 175
사타, 46, 179
아타, 60, 142
아바, 47, 174
바파, 52, 160
카마, 49, 165
아하, 67, 197
하다, 70, 163
카하, 78, 178
아아, 48, 157
나타, 73, 179
다나, 42, 178
아타, 68, 176
마타, 70, 191
카사, 78, 182
나다, 74, 184
사사, 52, 182
가사, 80, 167
다아, 56, 166
다타, 89, 168
마자, 57, 148
가다, 79, 195
나나, 95, 182
바다, 93, 185
사가, 58, 153
라가, 65, 192
하차, 98, 181
사하, 61, 156
아아, 57, 184
바바, 80, 176
파자, 56, 146
자마, 44, 180
나하, 42, 144
라마, 82, 168
마나, 52, 178
카자, 58, 168
자가, 80, 199
마카, 64, 181
가바, 46, 172
파자, 81, 184
다나, 82, 152
나하, 55, 163
사파, 54, 140
바사, 73, 158
바마, 73, 192
사아, 98, 176
바가, 43, 150
바자, 63, 183
바카, 41, 185
자사, 80, 144
하카, 65, 179
하하, 96, 171
다차, 56, 178
자타, 72, 186
사가, 58, 178
나마, 68, 142
타사, 70, 169
바라, 81, 162
하바, 94, 191
나나, 55, 165
자타, 42, 159
타차, 89, 198
라차, 90, 189
자타, 78, 185
사사, 96, 149
나사, 48, 153
카사, 81, 150
파가, 68, 189
파하, 85, 189
차카, 66, 175
카사, 63, 150
차나, 81, 167
가나, 57, 173
파나, 95, 182
파라, 92, 186
사마, 44, 145
나카, 76, 197
파아, 87, 148
사차, 96, 153
타다, 98, 164
자바, 99, 199
카바, 66, 199
하라, 74, 185
차타, 60, 182
하파, 98, 175
자파, 77, 191
자바, 84, 165
다자, 52, 179
자아, 54, 171
라자, 91, 143
하카, 42, 147
라카, 80, 170
자라, 87, 192
라타, 75, 179
다사, 86, 190
타하, 47, 154
타카, 60, 141
다라, 40, 142
다바, 72, 147
사사, 43, 153
나사, 57, 162
사아, 55, 175
마차, 96, 154
라카, 84, 169
하다, 77, 184
바다, 86, 160
나가, 62, 140
사사, 77, 190
카사, 89, 198
파파, 67, 187
파나, 45, 194
나하, 43, 147
나자, 54, 197
다다, 57, 150
나카, 81, 151
파하, 91, 193
차자, 61, 154
바카, 55, 190
바가, 99, 187
라아, 66, 183
마하, 85, 181
가다, 59, 143
자나, 54, 172
사하, 77, 195
다가, 86, 181
자나, 61, 141
라파, 75, 171
라자, 89, 188
차다, 63, 182
라아, 76, 146
차차, 93, 193
바파, 88, 156
아라, 44, 185
가다, 51, 178
자카, 84, 150
카차, 83, 189
파다, 45, 166
라사, 64, 181
타가, 59, 145
타가, 77, 150
가가, 92, 191
가나, 90, 153
나가, 91, 178
가사, 71, 149
하마, 56, 140
카사, 76, 141
나마, 76, 185
사라, 67, 144
차카, 91, 179
다마, 75, 187
차하, 59, 164
가사, 41, 155
하나, 78, 191
사나, 87, 194
하파, 66, 190
가아, 50, 158
하가, 65, 157
마라, 71, 142
다아, 62, 184
사바, 46, 150
아나, 80, 140
자차, 48, 191
가라, 98, 141
다아, 86, 144
자바, 64, 170
카바, 72, 194
차가, 99, 156
차타, 58, 156
타카, 61, 188
마아, 61, 148
바라, 80, 184
마마, 86, 182
파바, 45, 167
사타, 86, 159
사사, 48, 167
가다, 69, 164
라바, 61, 164
마차, 90, 171
카하, 61, 173
나타, 65, 173
차카, 65, 146
차자, 58, 182
가하, 86, 148
나마, 50, 170
마마, 82, 160
다차, 93, 177
차아, 49, 178
마아, 83, 154
마하, 59, 185
바차, 64, 156
사아, 58, 167
자바, 99, 187
바타, 58, 179
하자, 76, 185
파차, 74, 170
바마, 91, 170
카하, 81, 159
차차, 84, 142
자차, 67, 140
타사, 98, 193
라파, 57, 151
바다, 53, 183
타타, 64, 166
다마, 43, 188
사다, 50, 155
하마, 70, 198
아하, 72, 145
카아, 65, 190
나하, 65, 155
카타, 84, 163
아타, 53, 155
하타, 72, 181
나나, 65, 180
아사, 59, 191
사라, 67, 172
라자, 85, 174
마가, 72, 142
마다, 50, 184
나파, 64, 180
마다, 85, 151
타가, 52, 146
사차, 90, 170
자라, 74, 189
마마, 49, 188
라바, 74, 174
사사, 98, 156
타타, 76, 175
라나, 64, 194
아사, 56, 170
라바, 53, 181
다하, 85, 191
카나, 60, 184
카타, 95, 184
사바, 60, 182
나마, 56, 171
마아, 94, 146
카차, 48, 174
차마, 56, 187
나마, 89, 151
나라, 88, 169
바사, 58, 174
파라, 82, 145
가카, 88, 169
자타, 86, 147
가아, 90, 196
카가, 77, 141
라가, 90, 154
자다, 96, 168
나아, 82, 154
가나, 83, 159
자라, 96, 177
아하, 79, 154
카차, 80, 152
나차, 91, 190
바아, 82, 177
타아, 54, 163
파다, 66, 154
파가, 59, 154
나카, 53, 195
라타, 41, 176
사카, 98, 175
다하, 86, 154
파바, 58, 177
아라, 58, 162
다자, 47, 165
차나, 89, 190
다타, 83, 158
가마, 42, 177
카라, 42, 184
타나, 64, 183
가나, 42, 187
바다, 82, 140
카아, 93, 140
아차, 46, 179
마차, 64, 188
사마, 59, 166
사파, 75, 184
나자, 49, 182
가바, 99, 167
나나, 88, 184
타가, 85, 193
사차, 81, 164
다하, 50, 189
아마, 54, 173
사사, 90, 178
아차, 47, 148
가타, 60, 188
하아, 82, 177
라아, 46, 185
사카, 76, 150
마차, 67, 168
나카, 83, 152
차하, 58, 141
사나, 41, 182
파다, 75, 160
아하, 73, 156
하아, 45, 156
라자, 50, 166
바타, 70, 189
차사, 71, 187
자하, 60, 140
하하, 74, 157
하카, 99, 194
파나, 79, 166
가파, 76, 178
가차, 75, 184
다가, 76, 192
라다, 79, 177
나자, 50, 177
다다, 63, 199
파아, 61, 164
파라, 91, 158
자차, 63, 147
사가, 42, 197
차차, 94, 186
타다, 75, 177
다마, 90, 152
차카, 82, 153
나다, 75, 196
타차, 76, 157
마타, 74, 150
카아, 70, 198
하사, 50, 167
차타, 77, 185
차카, 60, 173
라아, 58, 142
타아, 94, 199
바차, 56, 180
차라, 61, 159
차아, 82, 196
나라, 54, 192
차가, 46, 142
카차, 77, 183
아마, 49, 141
가다, 55, 185
파다, 94, 156
나파, 48, 179
나마, 60, 151
바차, 47, 167
타나, 76, 143
바타, 97, 173
카타, 83, 174
바다, 84, 191
나라, 65, 194
타사, 59, 173
차나, 87, 150
하타, 66, 171
카차, 48, 145
파차, 74, 175
다카, 97, 195
파자, 47, 184
사사, 91, 178
마타, 86, 193
파나, 75, 175
다바, 85, 152
나사, 43, 197
라나, 95, 188
다하, 46, 147
나차, 46, 171
파마, 72, 161
나아, 50, 140
사차, 72, 167
타가, 51, 163
다카, 90, 163
차라, 77, 167
사자, 64, 176
자타, 41, 165
카자, 65, 162
바타, 99, 152
아사, 65, 141
마타, 58, 194
바자, 57, 182
다카, 78, 156
라나, 85, 178
차아, 93, 143
자아, 80, 186
아나, 55, 166
타자, 67, 177
파카, 85, 142
사파, 44, 172
가차, 65, 171
가자, 58, 195
라파, 60, 167
하바, 95, 161
카차, 42, 173
하사, 45, 168
가파, 80, 146
마나, 56, 144
카카, 76, 143
마아, 97, 196
자하, 92, 195
다아, 96, 142
다아, 42, 196
타카, 92, 194
가다, 70, 173
타파, 55, 156
나카, 55, 187
다사, 88, 181
자자, 63, 166
다바, 67, 146
가다, 93, 197
나나, 76, 165
다라, 41, 156
하파, 49, 158
사가, 52, 146
바사, 59, 169
다다, 80, 148
파하, 66, 169
타자, 78, 193
자라, 81, 150
타하, 50, 174
다하, 47, 197
카라, 73, 147
나바, 94, 146
다카, 52, 175
카타, 87, 156
나파, 66, 167
아사, 94, 149
마카, 83, 187
차라, 55, 146
바타, 68, 154
나바, 70, 184
바차, 57, 190
바바, 96, 146
가사, 79, 165
아자, 86, 188
아가, 95, 143
차아, 92, 178
다라, 91, 157
라차, 92, 186
다카, 92, 147
가카, 95, 179
하카, 42, 158
타마, 66, 198
파사, 44, 185
타아, 56, 170
파라, 68, 192
바라, 91, 152
바아, 81, 152
마파, 82, 171
타나, 81, 154
카사, 50, 178
나차, 77, 195
바마, 40, 158
마사, 71, 143
카아, 65, 166
하가, 79, 140
마차, 87, 175
자마, 57, 151
나마, 63, 175
사아, 48, 143
다파, 67, 164
가바, 50, 140
나사, 49, 194
타바, 41, 182
가파, 75, 153
가가, 73, 172
라마, 53, 142
차파, 74, 145
마자, 79, 159
아라, 96, 190
나다, 85, 149
파하, 50, 155
바타, 68, 164
카자, 89, 179
타타, 57, 167
나마, 56, 197
파가, 85, 151
나사, 82, 163
다가, 70, 192
나아, 43, 159
나라, 62, 171
나타, 84, 163
타타, 95, 180
차타, 78, 187
다하, 81, 173
바타, 58, 162
나라, 46, 186
라마, 94, 158
자가, 57, 163
카파, 48, 164
아하, 64, 142
자사, 46, 155
바카, 69, 165
파아, 72, 145
나나, 93, 191
라나, 43, 184
자카, 54, 186
차카, 43, 147
마마, 43, 162
마다, 74, 199
마사, 47, 154
라가, 99, 176
아하, 63, 171
타라, 88, 162
아자, 55, 171
차나, 95, 179
카바, 57, 189
마바, 82, 151
라카, 64, 181
차하, 99, 189
다아, 55, 198
카카, 84, 170
차마, 97, 170
다사, 94, 140
사가, 95, 167
사하, 57, 146
파타, 99, 168
카차, 94, 189
마파, 65, 197
라나, 84, 154
가자, 68, 176
마나, 61, 168
차사, 50, 172
차사, 87, 141
타카, 46, 189
하사, 94, 159
아타, 49, 146
자라, 42, 162
차하, 71, 169
라카, 63, 150
하하, 92, 145
아타, 60, 146
마자, 68, 140
바가, 51, 142
바사, 66, 191
나파, 72, 192
타바, 57, 173
다다, 73, 192
가파, 52, 152
카타, 82, 147
자타, 52, 187
파타, 72, 144
카마, 89, 151
마차, 87, 142
나바, 66, 195
파자, 57, 195
마카, 51, 193
라가, 81, 182
자사, 58, 145
파차, 74, 148
파차, 76, 172
차아, 78, 185
마사, 52, 148
파하, 99, 165
자파, 64, 195
타카, 93, 171
타아, 94, 148
라자, 60, 159
가파, 41, 190
파나, 98, 198
타하, 94, 140
다다, 55, 192
바마, 67, 164
아하, 75, 163
가라, 50, 151
자마, 74, 171
타타, 87, 168
라다, 82, 144
바다, 86, 146
타차, 65, 177
하마, 45, 142
파마, 44, 151
마자, 45, 162
카가, 57, 176
자바, 43, 159
가타, 59, 159
자다, 92, 160
파아, 83, 153
파카, 40, 196
카카, 88, 176
가사, 79, 182
파카, 96, 159
바바, 57, 195
라사, 44, 185
가나, 62, 162
나차, 48, 157
차가, 90, 171
타자, 75, 158
파카, 85, 183
다자, 52, 151
차사, 40, 192
카마, 65, 177
카마, 56, 170
차파, 60, 156
파자, 58, 182
카다, 94, 163
사차, 79, 163
다자, 89, 184
파하, 84, 162
사카, 45, 177
하아, 84, 185
타차, 79, 141
아바, 80, 168
하하, 79, 189
가아, 83, 171
하나, 40, 197
바다, 79, 198
차라, 56, 165
타차, 55, 197
마라, 87, 173
하다, 82, 197
나사, 49, 143
다하, 86, 146
