카테고리,제목,날짜
경제,"경남도, 코로나로 중단한 체납징수 광역기동반 6년 만에 재개",2025-10-17 00:00:00
경제,HD현대가 출발선 끊은 대기업 인사…시기 빨라지고 폭 커진다,2025-10-17 00:00:00
경제,"""울산다운2공공주택지구 균형개발·교육환경 개선 필요""",2025-10-17 00:00:00
경제,"[게시판] 리츠협회·부동산원, 국내 리츠 시장 활성화 협약",2025-10-17 00:00:00
경제,"[게시판] 미래에셋, 美나스닥100 ETF 상장 15주년 이벤트",2025-10-17 00:00:00
경제,"'고수익 알바' 캄보디아 가려던 10대, 항공사 직원이 출국 막아",2025-10-17 00:00:00
경제,삼성전자 평택캠퍼스 공사에 지역업체 참여 확대 추진,2025-10-17 00:00:00
경제,"광주 광산구, 고용위기 선제대응지역 지정…직업훈련 혜택",2025-10-17 00:00:00
경제,"[게시판] 닥사, 동남아 범죄 자금 거래 모니터링 사례 공유",2025-10-17 00:00:00
경제,[연합뉴스 이 시각 헤드라인] - 14:30,2025-10-17 00:00:00
경제,"하나은행, 미성년자 전용 적금 '꿈꾸는 저금통' 출시",2025-10-17 00:00:00
경제,[인사] 한일시멘트,2025-10-17 00:00:00
경제,"해양진흥공사, 해운산업 위기대응펀드 2조원 확대",2025-10-17 00:00:00
경제,"중기부, 전국우수시장박람회 청주서 개막…""전통시장 활성화""",2025-10-17 00:00:00
경제,"APEC정상회의 앞둔 세계 재무장관, 인천서 AI·인구문제 논의",2025-10-17 00:00:00
경제,한남더힐 등 '아파트 단지내 연립·다세대' 16곳·739가구 토허구역 지정,2025-10-17 00:00:00
경제,"'뜨거운 감자' 부동산 대책 말 아끼는 與…""추가 공급대책 고려""",2025-10-17 00:00:00
경제,"日국채 금리 상승압력…""일본은행 매입 축소로 국채 수요 부족""",2025-10-17 00:00:00
경제,국고채 금리 일제히 하락…3년물 장중 연 2.551%,2025-10-17 00:00:00
경제,"인권위 ""실효된 전과 이유로 채용 불합격 처리는 차별""",2025-10-17 00:00:00
경제,관세 악재에도 경남 9월 수출·무역수지 올해 최대 실적,2025-10-17 00:00:00
경제,"정부 ""韓의료기기 수입, 美안보에 위협 안돼""…美 정부에 의견서",2025-10-17 00:00:00
경제,"신한투자증권, 연금자산 순증액 전년 대비 1조원 돌파",2025-10-17 00:00:00
경제,"미래에셋증권, 네이버클라우드와 AI 페스티벌…443개팀 각축",2025-10-17 00:00:00
경제,"3,800선 턱밑까지 치솟은 코스피…한때 3,794.87까지 올라",2025-10-17 00:00:00
경제,"신세계사이먼 여주 프리미엄 아울렛, 19일까지 나눔장터 열어",2025-10-17 00:00:00
경제,"[특징주] 에코프로 등 이차전지주, 전기차 업황 회복 기대에 급등",2025-10-17 00:00:00
경제,"거래소·금투협 ""증시활황에 빚투 작년보다 50% 증가…주의해야""",2025-10-17 00:00:00
경제,구기·난곡·노량진·홍제동 모아타운 확정…3천570세대 공급,2025-10-17 00:00:00
경제,"[게시판] 하나은행, 간송미술문화재단과 유산 기부 활성화 협력",2025-10-17 00:00:00
경제,"동해시 청년공간 '열림', 정장부터 공유주방까지 지원",2025-10-17 00:00:00
경제,"정부 ""상반기 부진 벗어나는 모습…미 관세에 수출 둔화 우려""(종합)",2025-10-17 00:00:00
경제,올해 3분기 누적 회사채 발행 100조원 넘어…사상 처음,2025-10-17 00:00:00
경제,"9월 고용률 대구 작년보다 0.5%p↑, 경북은 1.9%p↑",2025-10-17 00:00:00
경제,"구윤철, G20서 '아프리카 협력 프레임워크' 지지 밝혀",2025-10-17 00:00:00
경제,9월 전국 주택 매매소비심리 상승 국면 전환,2025-10-17 00:00:00
경제,"WB동아태 부총재 ""韓 등 미래 일자리 불안""…'개혁 속도' 주문",2025-10-17 00:00:00
경제,"예탁원, 유동화증권 통합정보시스템 확대…4천200여건 등록",2025-10-17 00:00:00
경제,"기재차관 ""부동산세제 전반적 보겠다…합리적 방안 찾을 것""",2025-10-17 00:00:00
경제,"CFS, 대구 영남이공대서 채용설명회…""지역청년 취업기회 확대""",2025-10-17 00:00:00
경제,9월 취업자 31만2천명↑…소비쿠폰 효과에도 청년층 15만 '뚝'(종합2보),2025-10-17 00:00:00
경제,[연합뉴스 이 시각 헤드라인] - 10:30,2025-10-17 00:00:00
경제,"금호건설·라디오비, 업사이클링 조경 시설물 개발 추진",2025-10-17 00:00:00
경제,"코스피 상승전환해 사상 최고치 경신…장중 3,770 '터치'",2025-10-17 00:00:00
경제,"날개 달린 'K-화장품' 수출, 또 역대 최대…205개국으로 간다",2025-10-17 00:00:00
경제,시흥 대우건설 아파트 공사장 사망사고 하청사 현장소장 입건,2025-10-17 00:00:00
경제,"현대건설, 입주민 주거 서비스 'H 컬처클럽' 도입",2025-10-17 00:00:00
경제,의정부 고산동에 물류센터 대신 전세형 공공주택 439가구 건립,2025-10-17 00:00:00
경제,정읍시 태인면 108만㎡ 일반산단 지정…2028년 착공,2025-10-17 00:00:00
경제,"""세금 고민 있나요?"" 동해시, '마을세무사 제도' 운영",2025-10-17 00:00:00
경제,"[속보] 코스피 상승전환해 사상 최고치 경신…3,763.23",2025-10-17 00:00:00
경제,"금감원 ""국내 금값, 국제 가격보다 13% 높아…투자 유의""",2025-10-17 00:00:00
경제,"[게시판] 신성통상 탑텐, '텐텐데이' 할인행사",2025-10-17 00:00:00
경제,"""韓, AI 투자 속도 뒤처져…'AI 3대 강국' 위해 투자 확대 시급""",2025-10-17 00:00:00
경제,"공정위 ""추석 하도급 신고센터로 미수 232억원 지급 유도""",2025-10-17 00:00:00
경제,"정부 ""주요지표 전반 개선 흐름…상반기 부진 벗어나는 모습""",2025-10-17 00:00:00
경제,"DB손보, 만성질환부터 중증질환까지 보장하는 종합보험 출시",2025-10-17 00:00:00
경제,"롯데칠성음료, 간송미술문화재단에 후원금",2025-10-17 00:00:00
경제,"""3분기 단기사채 통한 자금조달 290조…전년보다 24%↑""",2025-10-17 00:00:00
경제,"숨고르는 코스피, 하락 출발해 3,730선 안팎…코스닥도 내려(종합)",2025-10-17 00:00:00
경제,"부산 9월 취업자, 작년보다 1만4천명 늘어…제조업은 감소",2025-10-17 00:00:00
경제,"환율, 한미 무역협상 기대 속 보합권 등락…1,410원대 후반",2025-10-17 00:00:00
경제,"한투증권 ""퇴직연금 계좌 통한 ETF 투자액 10개월간 1.6조 증가""",2025-10-17 00:00:00
경제,[특징주] 트럼프-푸틴 회담 기대에 우크라 재건주 상승,2025-10-17 00:00:00
경제,"대우건설 정원주 회장, 투르크메니스탄 비료공장 기공식 참석",2025-10-17 00:00:00
경제,"아모레퍼시픽재단, 화장품 공병 활용 미디어아트 전시",2025-10-17 00:00:00
경제,"[게시판] KB국민카드, APEC 기간 경주 '문화가 있는 날' 행사 개최",2025-10-17 00:00:00
경제,"용인시, 22일 하반기 일자리박람회…295명 채용 예정",2025-10-17 00:00:00
경제,[게시판] 세계여성이사협회 창립 9주년 포럼 개최,2025-10-17 00:00:00
경제,"원자력연 창업기업, 일본 소재기업서 투자 유치",2025-10-17 00:00:00
경제,"[게시판] 하나증권, 10주간 '주간 해외주식 투자 왕중왕전' 개최",2025-10-17 00:00:00
경제,"극지연구소, 남극과학기지 월동연구대 발대식 개최",2025-10-17 00:00:00
경제,"동국씨엠, 천연석 100% 대체 컬러강판 개발",2025-10-17 00:00:00
경제,로봇부터 한의사까지…22일 종로구 청소년 진로직업박람회,2025-10-17 00:00:00
경제,"KB운용 '새로운 대한민국' 펀드, 출시 3개월 만에 순자산 1천억",2025-10-17 00:00:00
경제,파주 운정신도시 지구단위계획 변경 추진,2025-10-17 00:00:00
경제,"숨고르는 코스피, 하락 출발해 3,730 안팎…코스닥도 내려",2025-10-17 00:00:00
경제,"파리바게뜨, APEC에 '곶감파운드·서리태 카스테라' 내놓는다",2025-10-17 00:00:00
경제,외국환시세(10월17일·하나은행 1차 고시 기준),2025-10-17 00:00:00
경제,"[외환] 원/달러 환율 0.9원 내린 1,417.0원(개장)",2025-10-17 00:00:00
경제,'소비쿠폰 효과' 취업자 31만2천명↑…청년·건설업은 부진 계속(종합),2025-10-17 00:00:00
경제,"한일 재계 ""경제협력 2.0 시대 열자""…통상 공동대응·수소협력 합의",2025-10-17 00:00:00
경제,녹색제품 기업은 오히려 환경 규제 엄격한 국가 선호한다,2025-10-17 00:00:00
경제,"신한투자 ""넥센타이어, 미국 관세 완화시 최대 수혜…목표가↑""",2025-10-17 00:00:00
경제,"관광공사, '함안 낙화놀이'에 일본관광객 1천여명 유치",2025-10-17 00:00:00
경제,"대만 노동부 산하기관, 한국기술교육대 직업훈련 등 벤치마킹",2025-10-17 00:00:00
경제,"제이앤피메디, 티비지파트너스와 '초격차 OI 벤처투자조합' 결성",2025-10-17 00:00:00
경제,"스타벅스, SSG닷컴 '미지엄' 행사서 올 크리스마스 상품 첫선",2025-10-17 00:00:00
경제,"쿠팡, 인생네컷과 여행 이벤트…사진 찍으면 숙박권 경품",2025-10-17 00:00:00
경제,"NH투자 ""메가스터디, 주주환원 순항…내년 수익성 개선 전망""",2025-10-17 00:00:00
경제,"시그니엘 서울·부산, '미쉐린 2키' 선정…기념 패키지 선봬",2025-10-17 00:00:00
경제,"iM증권, SK하이닉스 목표가↑…""최소 내년 상반기까지 업황강세""",2025-10-17 00:00:00
경제,[서산소식] 지방자치경영대상서 '산업경제대상' 수상,2025-10-17 00:00:00
경제,"스타필드 별마당도서관, '내 인생에 가을이 오면' 명사 특강",2025-10-17 00:00:00
경제,"KB증권 ""엘앤에프, 3분기 흑자 전환 전망…목표가↑""",2025-10-17 00:00:00
경제,"신세계면세점 ""댄서 '쿄카' 광고, 일주일만에 500만뷰""",2025-10-17 00:00:00
경제,"GS25X종가 묵참김밥, 출시 두 달만에 120만개…라인업 확대",2025-10-17 00:00:00
경제,"IBK투자증권 ""LG유플러스, 희망퇴직에 3분기 실적 부진 전망""",2025-10-17 00:00:00
경제,"한투증권 ""장기화하는 美 셧다운…고용보고서 발표 후 약달러""",2025-10-17 00:00:00
경제,"[마켓뷰] '사천피' 기대 커진 코스피, 美 증시 삭풍에 쉬어갈까",2025-10-17 00:00:00
경제,[2보] '소비쿠폰 효과' 9월 취업자 31만2천명↑…청년·건설업은 부진,2025-10-17 00:00:00
경제,[1보] 9월 취업자 31만2천명 증가…19개월만에 최대,2025-10-17 00:00:00
경제,청년예술가·지역기업의 만남…부산 아티스트택 신제품 출시,2025-10-17 00:00:00
경제,폐원 어린이집의 변신…벤츠가 후원해 공공형 키즈카페 조성,2025-10-17 00:00:00
경제,[연합뉴스 이 시각 헤드라인] - 07:30,2025-10-17 00:00:00
경제,코스피 최고가 행진에 ELS 조기상환 급증…발행도 '업업',2025-10-17 00:00:00
경제,곤궁한 삶에 해외로 내몰리는 20대…대출 연체율 가장 높아,2025-10-17 00:00:00
경제,2차 소비쿠폰 지급률 94% 육박…1차보다 속도는 다소 더뎌,2025-10-17 00:00:00
경제,"이마트, 가을맞이 와이퍼·필터·오일 등 차량용품 싸게 판다",2025-10-17 00:00:00
경제,"롯데마트·슈퍼, 대용량 사케 '스모 1.8L' 출시…""가격 낮춰""",2025-10-17 00:00:00
경제,"롯데온, 전국우수시장박람회 참여…홍보부스·할인쿠폰",2025-10-17 00:00:00
경제,"산업부·코트라, 도쿄서 투자설명회'…첨단산업 투자유치 지원",2025-10-17 00:00:00
경제,유가·환율 오름세에 수입 물가 석 달 연속 올라…9월 0.2%↑,2025-10-17 00:00:00
경제,"금감원, 1천230개사 감사인 지정 사전통지…내달 12일 본통지",2025-10-17 00:00:00
경제,"한은, 친일 논란 작가 전시회 조기 종료…작가 약력도 보완",2025-10-17 00:00:00
경제,"구윤철 ""어제 베선트 만나…'3천500억달러 선불' 막을 가능성도""",2025-10-17 00:00:00
경제,[뉴욕유가] 美 지역은행 우려 속 사흘째 하락…WTI 1.4%↓,2025-10-17 00:00:00
경제,"달러-원, 야간서 위험회피에 'V'자 움직임…1,418원 턱밑 마감",2025-10-17 00:00:00
경제,"美연준 월러 ""금리 0.25%p↓ 후 관망""…마이런 ""0.5%p 내려야""",2025-10-17 00:00:00
경제,"이억원 ""무주택자 전세대출 DSR 적용, 당분간 계획없다""",2025-10-16 00:00:00
증권,미국 5년물 국채금리 1년만에 최저,2025-10-17 00:00:00
증권,"[게시판] 미래에셋, 美나스닥100 ETF 상장 15주년 이벤트",2025-10-17 00:00:00
증권,"[게시판] 닥사, 동남아 범죄 자금 거래 모니터링 사례 공유",2025-10-17 00:00:00
증권,"하나은행, 미성년자 전용 적금 '꿈꾸는 저금통' 출시",2025-10-17 00:00:00
증권,"해양진흥공사, 해운산업 위기대응펀드 2조원 확대",2025-10-17 00:00:00
증권,"日국채 금리 상승압력…""일본은행 매입 축소로 국채 수요 부족""",2025-10-17 00:00:00
증권,국고채 금리 일제히 하락…3년물 장중 연 2.551%,2025-10-17 00:00:00
증권,"트럼프 '가구 관세'에…""이케아도 미국 내 생산 늘린다""",2025-10-17 00:00:00
증권,"신한투자증권, 연금자산 순증액 전년 대비 1조원 돌파",2025-10-17 00:00:00
증권,"미래에셋증권, 네이버클라우드와 AI 페스티벌…443개팀 각축",2025-10-17 00:00:00
증권,"TSMC, 美애리조나에 공장 추가 건설 나서…""AI 수요 확대""",2025-10-17 00:00:00
증권,"3,800선 턱밑까지 치솟은 코스피…한때 3,794.87까지 올라",2025-10-17 00:00:00
증권,"[특징주] 에코프로 등 이차전지주, 전기차 업황 회복 기대에 급등",2025-10-17 00:00:00
증권,"거래소·금투협 ""증시활황에 빚투 작년보다 50% 증가…주의해야""",2025-10-17 00:00:00
증권,"중국·네덜란드 갈등에…차업계, 넥스페리아 칩 공급 차질 비상",2025-10-17 00:00:00
증권,"[게시판] 하나은행, 간송미술문화재단과 유산 기부 활성화 협력",2025-10-17 00:00:00
증권,올해 3분기 누적 회사채 발행 100조원 넘어…사상 처음,2025-10-17 00:00:00
증권,"구글 ""북한 연계 해커, '이더하이딩'으로 암호자산 탈취 포착""",2025-10-17 00:00:00
증권,"코스피 상승전환해 사상 최고치 경신…장중 3,770 '터치'",2025-10-17 00:00:00
증권,"[속보] 코스피 상승전환해 사상 최고치 경신…3,763.23",2025-10-17 00:00:00
증권,"금감원 ""국내 금값, 국제 가격보다 13% 높아…투자 유의""",2025-10-17 00:00:00
증권,"""3분기 단기사채 통한 자금조달 290조…전년보다 24%↑""",2025-10-17 00:00:00
증권,"오라클 ""오픈AI 말고도 메타 등 계약많아…이익률 30∼40% 예상""",2025-10-17 00:00:00
증권,"숨고르는 코스피, 하락 출발해 3,730선 안팎…코스닥도 내려(종합)",2025-10-17 00:00:00
증권,"印정부, '모디 총리가 러 원유수입 중단 확언' 트럼프 주장 일축",2025-10-17 00:00:00
증권,"환율, 한미 무역협상 기대 속 보합권 등락…1,410원대 후반",2025-10-17 00:00:00
증권,"한투증권 ""퇴직연금 계좌 통한 ETF 투자액 10개월간 1.6조 증가""",2025-10-17 00:00:00
증권,[특징주] 트럼프-푸틴 회담 기대에 우크라 재건주 상승,2025-10-17 00:00:00
증권,"[특징주] 키이스트, SM엔터의 경영권 매각 소식에 급락",2025-10-17 00:00:00
증권,"""미 정부, 車부품 수입 관세 완화 연장 추진""",2025-10-17 00:00:00
증권,"[게시판] 하나증권, 10주간 '주간 해외주식 투자 왕중왕전' 개최",2025-10-17 00:00:00
증권,"[특징주] 출산株, '저출산 지원 3종 세트' 도입 소식에 오름세",2025-10-17 00:00:00
증권,"KB운용 '새로운 대한민국' 펀드, 출시 3개월 만에 순자산 1천억",2025-10-17 00:00:00
증권,"숨고르는 코스피, 하락 출발해 3,730 안팎…코스닥도 내려",2025-10-17 00:00:00
증권,"[코스피] 15.61p(0.42%) 내린 3,732.76(개장)",2025-10-17 00:00:00
증권,[코스닥] 2.70p(0.31%) 내린 862.71(개장),2025-10-17 00:00:00
증권,금값 4천300달러 돌파…어디까지 오르나,2025-10-17 00:00:00
증권,외국환시세(10월17일·하나은행 1차 고시 기준),2025-10-17 00:00:00
증권,"[외환] 원/달러 환율 0.9원 내린 1,417.0원(개장)",2025-10-17 00:00:00
증권,"신한투자 ""넥센타이어, 미국 관세 완화시 최대 수혜…목표가↑""",2025-10-17 00:00:00
증권,"NH투자 ""메가스터디, 주주환원 순항…내년 수익성 개선 전망""",2025-10-17 00:00:00
증권,K스타트업·K컬처 접목 '꿈 페스티벌' 美 뉴욕서 개막,2025-10-17 00:00:00
증권,"iM증권, SK하이닉스 목표가↑…""최소 내년 상반기까지 업황강세""",2025-10-17 00:00:00
증권,"KB증권 ""엘앤에프, 3분기 흑자 전환 전망…목표가↑""",2025-10-17 00:00:00
증권,"IBK투자증권 ""LG유플러스, 희망퇴직에 3분기 실적 부진 전망""",2025-10-17 00:00:00
증권,"한투증권 ""장기화하는 美 셧다운…고용보고서 발표 후 약달러""",2025-10-17 00:00:00
증권,"[마켓뷰] '사천피' 기대 커진 코스피, 美 증시 삭풍에 쉬어갈까",2025-10-17 00:00:00
증권,"'초격차' 권오현, 한인 스타트업 창업자들에 ""자기의견 집착말라""",2025-10-17 00:00:00
증권,코스피 최고가 행진에 ELS 조기상환 급증…발행도 '업업',2025-10-17 00:00:00
증권,[코스피·코스닥 전 거래일(16일) 주요공시],2025-10-17 00:00:00
증권,유가·환율 오름세에 수입 물가 석 달 연속 올라…9월 0.2%↑,2025-10-17 00:00:00
증권,"뉴욕증시, 되살아난 지역은행 부실 공포…하락 마감",2025-10-17 00:00:00
증권,[뉴욕증시-1보] 지역은행 부실 터져 나온다…하락 마감,2025-10-17 00:00:00
증권,[뉴욕유가] 美 지역은행 우려 속 사흘째 하락…WTI 1.4%↓,2025-10-17 00:00:00
증권,"달러-원, 야간서 위험회피에 'V'자 움직임…1,418원 턱밑 마감",2025-10-17 00:00:00
증권,"구글 자율주행차 웨이모, 美 도어대시 음식배달에도 투입",2025-10-17 00:00:00
증권,"美연준 월러 ""금리 0.25%p↓ 후 관망""…마이런 ""0.5%p 내려야""",2025-10-17 00:00:00
증권,"뉴욕증시, TSMC 훈풍에 기술주 호응…강세 출발",2025-10-16 00:00:00
증권,"삼성전자 ""성과연동 주식보상, 자사주 소각회피용 아냐"" 반박",2025-10-16 00:00:00
증권,"고팍스 ""바이낸스와 협력해 고파이 상환 후속 절차 검토""",2025-10-16 00:00:00
증권,"내년 세계유산위서 '日군함도' 다뤄질까…허민 ""의제 요청할 것""",2025-10-16 00:00:00
증권,"케스피온 ""종속회사 케스피온 베트남에 71억원 출자""",2025-10-16 00:00:00
증권,"오픈AI, xAI…""10개 AI 스타트업 가치 1년새 1조달러 급등""",2025-10-16 00:00:00
증권,"국고채 금리, 일제히 상승… 금통위 앞두고 경계심↑(종합)",2025-10-16 00:00:00
증권,국고채 금리 일제히 상승…3년물 연 2.569%,2025-10-16 00:00:00
증권,"""홈플 사태 재발 방지 위해 사모펀드 대규모 차입매수 규제해야""",2025-10-16 00:00:00
증권,[표] 코스피 지수선물·옵션 시세표(16일)-1,2025-10-16 00:00:00
증권,[표] 코스피 지수선물·옵션 시세표(16일)-2,2025-10-16 00:00:00
증권,[표] 코스피 지수선물·옵션 시세표(16일)-3,2025-10-16 00:00:00
증권,"코스피, 한미협상 타결 기대 연일 최고가행진…3,750 눈앞 마감(종합)",2025-10-16 00:00:00
증권,"日닛케이지수 48,000선 6일만에 복귀…""정국 불투명 완화""",2025-10-16 00:00:00
증권,"거침없는 코스피, '사천피' 돌파 가시권…""지금은 여정의 일부""(종합)",2025-10-16 00:00:00
증권,코스피 연일 신고가 행진에 증권株도 날았다(종합),2025-10-16 00:00:00
증권,최태원-노소영 재산분할 파기환송에 SK 주가 5.6%↓(종합),2025-10-16 00:00:00
증권,울산 KTX역세권 복합특화지구 PF 약정…5천500억원 규모,2025-10-16 00:00:00
증권,[표] 코스닥 기관 순매수도 상위종목(16일),2025-10-16 00:00:00
증권,[표] 거래소 기관 순매수도 상위종목(16일),2025-10-16 00:00:00
증권,[표] 거래소 외국인 순매수도 상위종목(16일),2025-10-16 00:00:00
증권,[표] 코스닥 외국인 순매수도 상위종목(16일),2025-10-16 00:00:00
증권,"삼성전자, 美기술주 훈풍에 역대 최고가…'13만전자' 기대도(종합)",2025-10-16 00:00:00
증권,"파죽지세 금값에 웃는 이탈리아…""국가부도위기 때도 안팔았다""",2025-10-16 00:00:00
증권,"[특징주] '상장폐지' 세원이앤씨, 정리매매 첫날 79% 급락(종합)",2025-10-16 00:00:00
증권,"현대차·기아, 한미 관세 타결 기대감에 급등 마감(종합)",2025-10-16 00:00:00
증권,"코스피 연일 장중·종가 사상 최고치 행진…3,750 눈앞 마감",2025-10-16 00:00:00
증권,"환율, 한미 무역 협상 타결 기대에 3.4원 하락…1,417.9원",2025-10-16 00:00:00
증권,"TSMC, AI 반도체 수요 급증에 3분기 순익 21조원…역대 최대",2025-10-16 00:00:00
증권,외국환시세(10월16일·마감가),2025-10-16 00:00:00
증권,[표] 투자자별 매매동향(16일),2025-10-16 00:00:00
증권,"미래에셋 ""전력기기, 단기 테마 아닌 설비투자 사이클의 중심""",2025-10-16 00:00:00
증권,"[외환] 원/달러 환율 3.4원 내린 1,417.9원(15:30 종가)",2025-10-16 00:00:00
증권,"[코스피] 91.09p(2.49%) 오른 3,748.37(장종료)",2025-10-16 00:00:00
증권,[코스닥] 0.69p(0.08%) 오른 865.41(장종료),2025-10-16 00:00:00
증권,"유진운용, '유진 챔피언 코리아마켓리더 목표전환형 펀드' 출시",2025-10-16 00:00:00
증권,"한국씨티은행 전산장애 복구 완료…""거래 정상 처리""(종합)",2025-10-16 00:00:00
증권,"""3분기 증권 결제금 일평균 27.4조…전년보다 10.2%↑""",2025-10-16 00:00:00
증권,"서부·중부발전, 충남 사회적경제기업 위해 2억원 펀드 참여",2025-10-16 00:00:00
증권,[게시판] KCGI운용 '목표전환형 채권혼합 4호' 30일까지 모집,2025-10-16 00:00:00
증권,"한투증권, JP모건자산운용과 손잡고 중국·아시아 펀드 판매",2025-10-16 00:00:00
증권,기업 교환사채 발행시 투자자한테 이유·영향 설명의무생긴다,2025-10-16 00:00:00
증권,외국인 지난달 국내주식 6조680억 순매수…5개월 연속 '사자',2025-10-16 00:00:00
증권,"바이낸스, 고팍스 인수 마무리…금융당국, 임원 변경 신고 수리(종합)",2025-10-16 00:00:00
증권,국고채 금리 일제히 상승…3년물 장중 연 2.538%,2025-10-16 00:00:00
증권,"'전인미답' 고지 올라선 코스피, 3,720대에서 상승폭 조절",2025-10-16 00:00:00
증권,"스텔란티스 지프 생산 미국 이전에…캐나다 정부, 법적대응 경고",2025-10-16 00:00:00
증권,코스피 급등세에 국내 주식형 ETF에 뭉칫돈 몰려,2025-10-16 00:00:00
증권,"미 재무부 ""셧다운 경제 비용, 매주 21조원""(종합)",2025-10-16 00:00:00
증권,지난달 환율 불안정 등에 금리 상승…외인 순매수 증가,2025-10-16 00:00:00
증권,[특징주] 최태원-노소영 재산분할 파기환송에 SK 주가 '뚝',2025-10-16 00:00:00
증권,"중견기업 2분기 성장·수익성 하락…""전향적 금융 지원해야""",2025-10-16 00:00:00
증권,"바이낸스, 고팍스 인수 마무리…금융당국, 임원 변경 신고 수리",2025-10-16 00:00:00
증권,한국씨티은행서 전산장애 발생…일부 업무 중단,2025-10-16 00:00:00
증권,"한화투자증권, MTS 고객 대상 야구선수 친필 사인볼 증정 이벤트",2025-10-16 00:00:00
증권,"카카오페이證 ""서학개미, 9월 테슬라·양자컴퓨팅株에 관심""",2025-10-16 00:00:00
증권,"하나금융, 2030년까지 생산적금융·포용금융에 100조원 투입",2025-10-16 00:00:00
증권,"삼성전자, 美 기술주 훈풍에 역대 최고가…'13만전자' 기대도",2025-10-16 00:00:00
증권,"인도 9월 대미 상품수출 12% 급감…""美 50% 관세 때문""",2025-10-16 00:00:00
증권,"베선트 미 재무 ""셧다운 경제 비용, 하루 21조원""",2025-10-16 00:00:00
증권,"거침없는 코스피, '사천피' 돌파 가시권…""지금은 여정의 일부""",2025-10-16 00:00:00
증권,"IMF ""2029년 전세계 국가채무비율 100% 돌파""…1948년 이후 최고",2025-10-16 00:00:00
증권,"[특징주] '상장폐지' 세원이앤씨, 정리매매 첫날 89% 급락",2025-10-16 00:00:00
경제,"종로구, 29일 '재건축·재개발 세금' 구민 절세 특강",2025-10-20
경제,"무역긴장 완화에…코스피, 3,700 돌파 이틀만에 3,800선도 넘어",2025-10-20
경제,"한은 국감에 등장한 '관봉권'…野 천하람 ""인출 은행 맞혀보라""",2025-10-20
경제,"이억원 ""대출규제에 공급대책 더 충실히 해 시장 안정 도모""",2025-10-20
경제,"송언석 ""민중기 특검은 수사대상…즉각 사퇴해야""",2025-10-20
경제,"코스피, 최고치 또 경신…무역긴장 완화 기대에 장중 3,800 돌파",2025-10-20
경제,"공정위, '하도급대금·이자 5억 미지급' 계성건설 제재",2025-10-20
경제,"'출시 1년' 디딤펀드, 평균수익률 12.5%…""안정적 수익흐름""",2025-10-20
경제,"[게시판] GS건설 '메이플자이', 대한민국 조경대상 국토장관상",2025-10-20
경제,"KAI, 美무인기 업체 크라토스와 유무인복합체계 협력",2025-10-20
경제,"LS머트리얼즈-LS마린솔루션, 전남도와 해상풍력 설치항만 MOU",2025-10-20
경제,"오세훈 ""10·15대책 과도한 조치…서울시 의견 반영 안 돼""",2025-10-20
경제,하나은행도 올해 대출모집인 대출 한도 소진…신규 접수 중단,2025-10-20
경제,"김윤덕 국토장관, 사우디와 도시·주택개발 분야 협력 논의",2025-10-20
경제,"[쇼츠] 방글라데시 최대 공항 화물터미널 화재…""수출입 타격""",2025-10-20
경제,국고채 금리 일제히 상승…3년물 장중 연 2.581%,2025-10-20
경제,"창원컨벤션센터 용역노동자 ""고용안정 대책·처우개선"" 촉구",2025-10-20
경제,[인사] 전문건설공제조합,2025-10-20
경제,국내 은행 현지법인에 프린스 자금 912억…'검은돈' 통로 가능성,2025-10-20
경제,"디지털이코노미 포럼…기재차관 ""AI대전환, 경제 돌파구""",2025-10-20
경제,"한은 총재, 부동산 대책 논란에 ""피해계층 대책 필요""",2025-10-20
경제,[게시판] 교보증권 창립 76주년 김장 나눔 행사,2025-10-20
경제,"하나증권 ""국내 최초 외국인통합계좌 첫 거래 성공적 완료""",2025-10-20
경제,"토허구역 확대지정 첫날…""문의전화 한통 없다"" 시장 한산",2025-10-20
경제,"반등 성공한 코스피…1%대 상승하며 3,800선 돌파 시도",2025-10-20
경제,"가짜 종양 진단해주고 보험금으로 미용시술, 의사·브로커 구속",2025-10-20
경제,주택진흥기금 활용한 공급확대 방안은…27일 '서울주거포럼',2025-10-20
경제,"경남 고성군 ""SK오션플랜트 매각 추진, 전면 재고·중단해야""",2025-10-20
경제,"한은총재 ""입시제도 등 교육문제도 해결해야 집값 잡을 수 있다""",2025-10-20
경제,"울산 3분기 수출, 작년보다 8% 증가…3개 분기 만에 반등",2025-10-20
경제,"[게시판] 부산은행, 1967년생 동갑내기 고객 영상 제작",2025-10-20
경제,"[게시판] 업비트, APEC CEO 서밋 코리아 2025 참여",2025-10-20
경제,"김건희특검, 양평고속道 용역사 임원 소환…노선변경 경위 조사",2025-10-20
경제,"삼성운용, 韓 소버린AI ETF 출시…""국가대표 기업 투자""(종합)",2025-10-20
경제,주택정비사업조합 초기사업비 융자한도 60억원까지 상향,2025-10-20
경제,"통상본부장, 미 몬태나주지사에 ""조지아사태 재발방지해야""",2025-10-20
경제,"해수부, 서울서 한·중 해사안전정책회의 연다…선박 안전 협력",2025-10-20
경제,"산업부 10월 수출동향 점검회의…""수출동력 유지 총력""",2025-10-20
경제,"해수부, '해양사고방지 세미나' 열어…사고 초동대응 방안 논의",2025-10-20
경제,최근 6개월간 공동주택 하자판정 1위 HJ중공업,2025-10-20
경제,"구윤철·배경훈 ""적극 소통으로 AI 대전환 시너지 높이겠다""",2025-10-20
경제,"'농어촌 기본소득' 시범사업, 연천·정선 등 7개 군 선정",2025-10-20
경제,"농식품부, 도축장 외국인 비자 직종 신설…""인력난 해소 기대""",2025-10-20
경제,'관세폭탄'에 대미 車수출 7개월 연속↓…전체수출은 4개월째↑,2025-10-20
경제,"[아덱스 2025] 코트라, 방산수출상담회…200개 방산기업 참여",2025-10-20
경제,"이창용 ""최상목, 계엄 안 된다고 주장했다 들어""",2025-10-20
경제,"한경협, 룩셈부르크 경제단체와 협력 강화…""첨단산업으로 확대""",2025-10-20
경제,"두산건설·현대L&C, '고기능성 저소음 마루 바닥재' 개발",2025-10-20
경제,"금투협회장·증권사 CEO 대표단, '연금 선진국' 호주 방문",2025-10-20
경제,떨어진 기온에…편의점 군고구마·어묵 매출 '쑥',2025-10-20
경제,"방글라 잇단 대형화재에 현지 韓 의류기업 촉각…""피해 없어""",2025-10-20
경제,"울주군, 장애인일자리사업 기관 공모…""양질의 일자리 발굴""",2025-10-20
경제,[연합뉴스 이 시각 헤드라인] - 10:30,2025-10-20
경제,"성남시, 위례 유휴부지 '스토리박스' 일대 2만3천㎡ 개발",2025-10-20
경제,"대신증권, 미 달러 환매조건부채권 자동 매수 서비스 출시",2025-10-20
경제,"법원 ""개인회생에 과한 부담·지장 주는 채무변제 각서는 무효""",2025-10-20
경제,"두산로보틱스, ㈜대동과 농업 특화 로봇 개발 '맞손'",2025-10-20
경제,"中, '사실상 기준금리' LPR 5개월째 동결…'신중론' 유지",2025-10-20
경제,"이억원 ""가계부채 관리, 필요시 추가 조치 즉각 시행""",2025-10-20
경제,"[게시판] 미래에셋증권, 원화채권 온라인 특판금리 프로모션",2025-10-20
경제,"신한투자, 자체 개발 AI 기술 2건 특허 출원",2025-10-20
경제,"키움증권, MTS '영웅문S#' 간편모드 출시 기념 이벤트",2025-10-20
경제,"한화투자증권, '한국대표주 VA랩' 누적 판매액 1천억원 돌파",2025-10-20
경제,"삼성 간편결제 손잡은 우리은행…""결제시장 입지 확대 기반""",2025-10-20
경제,"삼성운용, 韓 소버린AI ETF 출시…""국가대표 기업에 투자""",2025-10-20
경제,"""집을 영화관으로 변신""…LG전자, 마이크로 LED 신제품 출시",2025-10-20
경제,"쿠팡, 로켓프레시데이 기획전…""냉장고 다시 채우세요""",2025-10-20
경제,"한국콜마, 정부 'AI팩토리' 사업 선정…""K뷰티 제조혁신 이끌어""",2025-10-20
경제,[용인소식] 24일부터 2주간 공정무역 포트나잇 축제,2025-10-20
경제,"[특징주] 네이처셀, 정부 줄기세포 규제 완화 기대에 15% 급등",2025-10-20
경제,"위메이드커넥트·그라비티·갈라랩, '라그나로크' 신작 계약",2025-10-20
경제,"고점 부담 컸나…코스피, 상승 출발 후 하락 전환(종합)",2025-10-20
경제,"[바이오스냅] GC녹십자엠에스, 개인용 혈당측정기 신제품 출시",2025-10-20
경제,"알피바이오, 최대 12시간 지속 방출 정제 특허",2025-10-20
경제,"""음식값 올리고 할인""…배민, '가격 부풀리기' 논란 여전(종합)",2025-10-20
경제,"한미 관세 불확실성 지속…환율 0.9원 오른 1,422.1원 출발",2025-10-20
경제,"""경제허리, 중견기업 지원 강화해야""…중견련-학회 공동학술대회",2025-10-20
경제,고령자 낙상 사고 4년새 3배↑…요양시설·버스 등에서 '빈발',2025-10-20
경제,"hy, APEC 정상회의 공식 후원…발효유 '윌' 제공",2025-10-20
경제,"""9월 서울·경기 신고가 비중 증가…10·15대책으로 이어져""",2025-10-20
경제,[특징주] 북미정상 회동 기대감에 남북경협주 장초반 강세,2025-10-20
경제,"스타벅스, 이탈리아 MSGM 증정품 내놓는다…겨울프리퀀시 이벤트",2025-10-20
경제,"23일 구로구 일자리박람회…""기업 30곳, 구직자 1천명 참여""",2025-10-20
경제,"인스파이어, 대표 교체…글로벌 경영 전문가 고규범 선임",2025-10-20
경제,"파리바게뜨, 몽골에 매장…15개국 진출해 글로벌사업 박차",2025-10-20
경제,"[외환] 원/달러 환율 0.9원 오른 1,422.1원(개장)",2025-10-20
경제,외국환시세(10월20일·하나은행 1차 고시 기준),2025-10-20
경제,"""美 신용 리스크 부각, 미중 갈등 완화에 오히려 도움""",2025-10-20
경제,"농심, 뉴욕 타임스스퀘어서 '케데헌' 협업 마케팅",2025-10-20
경제,"현대백화점, 서울대 학생 실무교육한다…'리테일 연계전공' 협력",2025-10-20
경제,"팔도 ""비빔면 20억개 판매""…'금 60돈' 증정 이벤트",2025-10-20
경제,외국인 관광객 'K푸드' 사랑…아이스크림·떡·만두·감자탕도,2025-10-20
경제,"구윤철 ""부동산 안정·자본시장 활성화에 더욱 힘쓰겠다""",2025-10-20
경제,"하나증권 ""네오위즈, IP 파워 잘 축적…3분기 호조 전망""",2025-10-20
경제,"삼성증권, 싱가포르 국부펀드 산하 운용지주와 전략적 파트너십",2025-10-20
경제,초고해상 광학위성 기술 개발…2030년까지 신약후보물질 4건,2025-10-20
경제,"한화證 ""코스맥스, 3분기 실적 기대치 하회할 것…美관세 영향""",2025-10-20
경제,"키움증권 ""현대차, 車관세 인하 시 성장 전환 예상…목표가↑""",2025-10-20
경제,"무신사 ""중국 티몰 무신사 스탠다드 2주 만에 거래액 5억원""",2025-10-20
경제,"한투증권, 현대건설 3분기 어닝 쇼크 전망에 목표가 18.9%↓",2025-10-20
경제,"편의점 '이색 하이볼' 경쟁…CU, 얼려먹는 샤베트 하이볼 출시",2025-10-20
경제,"메리츠證, LG전자 목표가 상향…""인도 IPO 성공적""",2025-10-20
경제,"홈플러스, 2만원대 '덕다운 경량 베스트' 출시",2025-10-20
경제,"CJ온스타일, 동반위와 상생 협약…3년간 800억원 규모",2025-10-20
경제,"잇단 보유세 강화 발언에 강남·한강벨트 1주택자도 ""세금폭탄 맞나"" 긴장",2025-10-20
경제,"IBK투자증권, KT&G 목표가↑…""실적 호조·주주환원 강화 지속""",2025-10-20
경제,"부산시, 소상공인 공유재산 임대료 50% 감면",2025-10-20
경제,부산여성회관 44년만에 재건축…가족 교육·문화공간 탈바꿈,2025-10-20
경제,"정부, 내년부터 '마스가' 상징 K-조선 테크 얼라이언스 가동",2025-10-20
경제,[연합뉴스 이 시각 헤드라인] - 07:30,2025-10-20
경제,'재건축·재개발의 모든것'…내달 양천구 도시정비사업 지식포럼,2025-10-20
경제,"""서울 매입임대주택 4년 연속 줄어…예산집행도 50% 미달""",2025-10-20
경제,"K뷰티 체험도 인기…""미용기기 써보고 인삼 입욕제 만들고""",2025-10-20
경제,"""음식값 올리고 할인""…배민, '가격 부풀리기' 논란 여전",2025-10-20
경제,인생 2막 펼친다…서울시 11월18일 '시니어 일자리박람회',2025-10-20
경제,"롯데百, 태양광 전력 구매…파주아울렛부터 시범도입",2025-10-20
경제,"울산지역 건설업체-대형 건설사 만남 행사…""공사 참여 확대""",2025-10-20
경제,"소비자보호 외치는 금감원, 분조위원 35명 중 소비자 관련은 6명",2025-10-20
경제,밀린 카드 빚 '역대 최대' 1조5천억 육박…약 4년새 2배로,2025-10-20
경제,부동산 세무조사 4년 새 1천건 감소…앞으로 고강도 예고,2025-10-20
증권,"무역긴장 완화에…코스피, 3,700 돌파 이틀만에 3,800선도 넘어",2025-10-20
증권,희토류·알루미늄·반도체…3대 악재 덮친 미국 차업계,2025-10-20
증권,"이억원 ""대출규제에 공급대책 더 충실히 해 시장 안정 도모""",2025-10-20
증권,"코스피, 최고치 또 경신…무역긴장 완화 기대에 장중 3,800 돌파",2025-10-20
증권,"'출시 1년' 디딤펀드, 평균수익률 12.5%…""안정적 수익흐름""",2025-10-20
증권,하나은행도 올해 대출모집인 대출 한도 소진…신규 접수 중단,2025-10-20
증권,"[속보] 코스피, 또 사상 최고치 경신…장중 3,800 돌파",2025-10-20
증권,국고채 금리 일제히 상승…3년물 장중 연 2.581%,2025-10-20
증권,[게시판] 교보증권 창립 76주년 김장 나눔 행사,2025-10-20
증권,"하나증권 ""국내 최초 외국인통합계좌 첫 거래 성공적 완료""",2025-10-20
증권,"반등 성공한 코스피…1%대 상승하며 3,800선 돌파 시도",2025-10-20
증권,"[게시판] 업비트, APEC CEO 서밋 코리아 2025 참여",2025-10-20
증권,"삼성운용, 韓 소버린AI ETF 출시…""국가대표 기업 투자""(종합)",2025-10-20
증권,"금투협회장·증권사 CEO 대표단, '연금 선진국' 호주 방문",2025-10-20
증권,올해 3분기 채권·CD 전자발행 160.5조…작년보다 1.6%↑,2025-10-20
증권,"정은보 거래소 이사장, 세계거래소연맹 연차총회 참석",2025-10-20
증권,"대신증권, 미 달러 환매조건부채권 자동 매수 서비스 출시",2025-10-20
증권,"[게시판] 미래에셋증권, 원화채권 온라인 특판금리 프로모션",2025-10-20
증권,"신한투자, 자체 개발 AI 기술 2건 특허 출원",2025-10-20
증권,"키움증권, MTS '영웅문S#' 간편모드 출시 기념 이벤트",2025-10-20
증권,日증시 장중 최고치…'확장 재정' 다카이치 총리 전망에 2.5%↑(종합),2025-10-20
증권,"한화투자증권, '한국대표주 VA랩' 누적 판매액 1천억원 돌파",2025-10-20
증권,"삼성운용, 韓 소버린AI ETF 출시…""국가대표 기업에 투자""",2025-10-20
증권,"[특징주] 네이처셀, 정부 줄기세포 규제 완화 기대에 15% 급등",2025-10-20
증권,기술특례 상장 도입 20년…AI 열풍에 관련 기업 상장 증가(종합),2025-10-20
증권,"'구찌 부진' 케링, 로레알에 뷰티 사업 판다",2025-10-20
증권,"고점 부담 컸나…코스피, 상승 출발 후 하락 전환(종합)",2025-10-20
증권,"닛케이지수, '통화 완화' 다카이치 총리 취임 전망에 1.9% 급등",2025-10-20
증권,"[특징주] LG전자, 인도법인 IPO 성공 평가에 강세",2025-10-20
증권,[특징주] 북미정상 회동 기대감에 남북경협주 장초반 강세,2025-10-20
증권,"코스피, 0.7% 상승 출발해 3,770대…코스닥도 올라",2025-10-20
증권,"[코스피] 26.51p(0.71%) 오른 3,775.40(개장)",2025-10-20
증권,[코스닥] 5.44p(0.63%) 오른 864.98(개장),2025-10-20
증권,"[외환] 원/달러 환율 0.9원 오른 1,422.1원(개장)",2025-10-20
증권,외국환시세(10월20일·하나은행 1차 고시 기준),2025-10-20
증권,"""美 신용 리스크 부각, 미중 갈등 완화에 오히려 도움""",2025-10-20
증권,"하나증권 ""네오위즈, IP 파워 잘 축적…3분기 호조 전망""",2025-10-20
증권,"삼성증권, 싱가포르 국부펀드 산하 운용지주와 전략적 파트너십",2025-10-20
증권,"한화證 ""코스맥스, 3분기 실적 기대치 하회할 것…美관세 영향""",2025-10-20
증권,"키움증권 ""현대차, 車관세 인하 시 성장 전환 예상…목표가↑""",2025-10-20
증권,"한투증권, 현대건설 3분기 어닝 쇼크 전망에 목표가 18.9%↓",2025-10-20
증권,"메리츠證, LG전자 목표가 상향…""인도 IPO 성공적""",2025-10-20
증권,"IBK투자증권, KT&G 목표가↑…""실적 호조·주주환원 강화 지속""",2025-10-20
증권,"[마켓뷰] 코스피, 상승 지속할까…치익실현 매물 출회 가능성도",2025-10-20
증권,기술특례 상장 도입 20년…AI 열풍에 관련 기업 상장 증가,2025-10-20
증권,테슬라 22일·애플 30일…빅테크 실적 발표 시즌,2025-10-20
증권,[코스피·코스닥 전 거래일(17일) 주요공시],2025-10-20
증권,밀린 카드 빚 '역대 최대' 1조5천억 육박…약 4년새 2배로,2025-10-20
증권,"엔비디아, 최신 AI 칩 블랙웰 美서 첫 생산…""공급망 강화""",2025-10-20
증권,'쪼개기 송금' 막는다…내년부터 해외송금 통합시스템 가동,2025-10-19
증권,"강원도, 1천500억원 규모 '전략산업 벤처펀드' 본격 추진",2025-10-19
증권,"中빅테크들, 당국 개입에 스테이블 코인 발행 계획 중단",2025-10-19
증권,"""조폐공사, 메달사업 물품 대금 153억원 못받아…회수불능 의심""",2025-10-19
증권,힘없던 이차전지株 '급충전'…이달 ETF 수익률 1위로 올라서,2025-10-19
증권,"롤러코스터 탄 코스피, 변동성 4년여만 최고치…공포지수도 들썩",2025-10-19
증권,"날개돋친 금값에 ETF 한달 수익률만 20% 넘어…""올라도 더 담자""",2025-10-19
증권,"삼전·하이닉스 주가상승률 순위 껑충…""합산시총 1천조 기대감""",2025-10-19
증권,[마켓인사이트] '파죽지세' 코스피…美 물가·中 4중전회 주목,2025-10-19
증권,[뉴욕증시-주간전망] 실적 발표 본격화…중요도 올라간 경영진 발언,2025-10-19
증권,美 중소형은행 부실대출 우려…'거품논란' 뉴욕증시에 부담,2025-10-19
증권,스타벅스 선불금 6년간 2.6조…고객돈으로 투자 수익 등 400억원,2025-10-19
증권,연말 은행 대출 '바늘구멍'…'지점당 주담대 월 10억원' 제한도,2025-10-19
증권,"정부, 이달 프린스·후이원 등 캄보디아 범죄조직 금융제재 추진",2025-10-19
증권,"日 3대 메가뱅크, 스테이블 코인 공동 발행 추진",2025-10-18
증권,"[IPO챗] 'AI 경량화' 노타, 다음주 청약 접수",2025-10-18
증권,[머니플로우] 국장·미장 모두 '유동성 파티'…뭉칫돈 줄 섰다,2025-10-18
증권,美 금융시장 불안 속 비트코인 약세 지속…10만7천달러 하회,2025-10-18
증권,"주유소 휘발윳값 4주 만에 하락 전환…""다음주도 내림세 전망""",2025-10-18
증권,"[이코노워치] ""한국은행이 금을 더 샀더라면…""",2025-10-18
증권,"뉴욕증시, 그래도 기댈 곳은 트럼프의 입…강세 마감",2025-10-18
증권,[뉴욕증시-1보] 그래도 기댈 곳은 트럼프의 입…강세 마감,2025-10-18
증권,[뉴욕유가] 토마호크 지원에 긍정적인 트럼프…WTI 강보합 마감,2025-10-18
증권,"달러-원, 트럼프 '中과 괜찮을 것' 발언에 상승폭 확대…1,422원대 마감",2025-10-18
증권,"뉴욕증시, 지역은행 불안과 트럼프 낙관론…혼조 출발",2025-10-17
증권,"'연일 불장' 코스피, 애프터마켓서 하락…""미중 긴장 고조 우려""",2025-10-17
증권,"하나은행, 경력 정규직 채용…27일까지 서류 접수",2025-10-17
증권,[표] 주간 코스닥 외국인 순매수도 상위종목,2025-10-17
증권,[표] 주간 코스닥 기관 순매수도 상위종목,2025-10-17
증권,[표] 주간 거래소 기관 순매수도 상위종목,2025-10-17
증권,[표] 주간 거래소 외국인 순매수도 상위종목,2025-10-17
증권,"삼성자산운용 ETF, 존속기한 만료로 내달 상장폐지",2025-10-17
증권,[부고] 선창훈(한양증권 자본시장1부 상무)씨 부친상,2025-10-17
증권,"국고채 금리, 美 지역은행 부실 우려에 일제히 하락(종합)",2025-10-17
증권,"거래소, AI에 투자하는 ETF 등 5종 21일 상장",2025-10-17
증권,"원익IPS, 애프터마켓서 10%대 급락",2025-10-17
증권,"이오테크닉스, 애프터마켓서 10%대 급락",2025-10-17
증권,"신성에스티, 애프터마켓서 10%대 급락",2025-10-17
증권,"포스코퓨처엠, 애프터마켓서 10%대 급락",2025-10-17
증권,국고채 금리 일제히 하락…3년물 연 2.555%,2025-10-17
증권,[표] 코스피 지수선물·옵션 시세표(17일)-3,2025-10-17
증권,[표] 코스피 지수선물·옵션 시세표(17일)-2,2025-10-17
증권,[표] 코스피 지수선물·옵션 시세표(17일)-1,2025-10-17
증권,"DH오토넥스, 유상증자…한국수출입은행 등에 3자 배정",2025-10-17
증권,"카카오뱅크, 정기예금·자유적금 1년 만기 금리 0.10%p 인상",2025-10-17
증권,"널뛰는 코스피…3,800선 턱밑까지 치솟았다가 강보합 마감(종합)",2025-10-17
증권,"""글로벌 기업들 올해 '트럼프 관세' 비용 1천700조원""",2025-10-17
증권,"프리시젼바이오, 170억원 유상증자…광동제약에 제3자배정",2025-10-17
증권,카자흐스탄 돼지고기 중국 수출길 열려…양국 통관협정 체결,2025-10-17
증권,"에코프로 등 이차전지주, 전기차 업황 회복 기대에 급등(종합)",2025-10-17
증권,"환율, 한미 무역협상 주시하며 3.3원 상승…1,421.2원",2025-10-17
증권,[표] 거래소 외국인 순매수도 상위종목(17일),2025-10-17
증권,[표] 코스닥 기관 순매수도 상위종목(17일),2025-10-17
증권,[표] 거래소 기관 순매수도 상위종목(17일),2025-10-17
증권,[표] 코스닥 외국인 순매수도 상위종목(17일),2025-10-17
증권,트럼프-푸틴 회담 기대에 우크라 재건주 줄상승(종합),2025-10-17
증권,"""4중전회 앞둔 中… 내수 부진에 3분기 성장률 4.7% 전망""",2025-10-17
증권,"널뛰는 코스피…3,800선 턱밑까지 치솟았다가 보합 마감",2025-10-17
증권,외국환시세(10월17일·마감가),2025-10-17
증권,[표] 투자자별 매매동향(17일),2025-10-17
증권,[코스닥] 5.87p(0.68%) 내린 859.54(장종료),2025-10-17
증권,"[코스피] 0.52p(0.01%) 오른 3,748.89(장종료)",2025-10-17
증권,"[외환] 원/달러 환율 3.3원 오른 1,421.2원(15:30 종가)",2025-10-17
증권,미국 5년물 국채금리 1년만에 최저,2025-10-17
증권,"[게시판] 미래에셋, 美나스닥100 ETF 상장 15주년 이벤트",2025-10-17
증권,"[게시판] 닥사, 동남아 범죄 자금 거래 모니터링 사례 공유",2025-10-17
증권,"하나은행, 미성년자 전용 적금 '꿈꾸는 저금통' 출시",2025-10-17
증권,"해양진흥공사, 해운산업 위기대응펀드 2조원 확대",2025-10-17
경제,"종로구, 29일 '재건축·재개발 세금' 구민 절세 특강",2025-10-20
경제,"무역긴장 완화에…코스피, 3,700 돌파 이틀만에 3,800선도 넘어",2025-10-20
경제,"한은 국감에 등장한 '관봉권'…野 천하람 ""인출 은행 맞혀보라""",2025-10-20
경제,"이억원 ""대출규제에 공급대책 더 충실히 해 시장 안정 도모""",2025-10-20
경제,"송언석 ""민중기 특검은 수사대상…즉각 사퇴해야""",2025-10-20
경제,"코스피, 최고치 또 경신…무역긴장 완화 기대에 장중 3,800 돌파",2025-10-20
경제,"공정위, '하도급대금·이자 5억 미지급' 계성건설 제재",2025-10-20
경제,"'출시 1년' 디딤펀드, 평균수익률 12.5%…""안정적 수익흐름""",2025-10-20
경제,"[게시판] GS건설 '메이플자이', 대한민국 조경대상 국토장관상",2025-10-20
경제,"KAI, 美무인기 업체 크라토스와 유무인복합체계 협력",2025-10-20
경제,"LS머트리얼즈-LS마린솔루션, 전남도와 해상풍력 설치항만 MOU",2025-10-20
경제,"오세훈 ""10·15대책 과도한 조치…서울시 의견 반영 안 돼""",2025-10-20
경제,하나은행도 올해 대출모집인 대출 한도 소진…신규 접수 중단,2025-10-20
경제,"김윤덕 국토장관, 사우디와 도시·주택개발 분야 협력 논의",2025-10-20
경제,"[쇼츠] 방글라데시 최대 공항 화물터미널 화재…""수출입 타격""",2025-10-20
경제,국고채 금리 일제히 상승…3년물 장중 연 2.581%,2025-10-20
경제,"창원컨벤션센터 용역노동자 ""고용안정 대책·처우개선"" 촉구",2025-10-20
경제,[인사] 전문건설공제조합,2025-10-20
경제,국내 은행 현지법인에 프린스 자금 912억…'검은돈' 통로 가능성,2025-10-20
경제,"디지털이코노미 포럼…기재차관 ""AI대전환, 경제 돌파구""",2025-10-20
경제,"한은 총재, 부동산 대책 논란에 ""피해계층 대책 필요""",2025-10-20
경제,[게시판] 교보증권 창립 76주년 김장 나눔 행사,2025-10-20
경제,"하나증권 ""국내 최초 외국인통합계좌 첫 거래 성공적 완료""",2025-10-20
경제,"토허구역 확대지정 첫날…""문의전화 한통 없다"" 시장 한산",2025-10-20
경제,"반등 성공한 코스피…1%대 상승하며 3,800선 돌파 시도",2025-10-20
경제,"가짜 종양 진단해주고 보험금으로 미용시술, 의사·브로커 구속",2025-10-20
경제,주택진흥기금 활용한 공급확대 방안은…27일 '서울주거포럼',2025-10-20
경제,"경남 고성군 ""SK오션플랜트 매각 추진, 전면 재고·중단해야""",2025-10-20
경제,"한은총재 ""입시제도 등 교육문제도 해결해야 집값 잡을 수 있다""",2025-10-20
경제,"울산 3분기 수출, 작년보다 8% 증가…3개 분기 만에 반등",2025-10-20
경제,"[게시판] 부산은행, 1967년생 동갑내기 고객 영상 제작",2025-10-20
경제,"[게시판] 업비트, APEC CEO 서밋 코리아 2025 참여",2025-10-20
경제,"김건희특검, 양평고속道 용역사 임원 소환…노선변경 경위 조사",2025-10-20
경제,"삼성운용, 韓 소버린AI ETF 출시…""국가대표 기업 투자""(종합)",2025-10-20
경제,주택정비사업조합 초기사업비 융자한도 60억원까지 상향,2025-10-20
경제,"통상본부장, 미 몬태나주지사에 ""조지아사태 재발방지해야""",2025-10-20
경제,"해수부, 서울서 한·중 해사안전정책회의 연다…선박 안전 협력",2025-10-20
경제,"산업부 10월 수출동향 점검회의…""수출동력 유지 총력""",2025-10-20
경제,"해수부, '해양사고방지 세미나' 열어…사고 초동대응 방안 논의",2025-10-20
경제,최근 6개월간 공동주택 하자판정 1위 HJ중공업,2025-10-20
경제,"구윤철·배경훈 ""적극 소통으로 AI 대전환 시너지 높이겠다""",2025-10-20
경제,"'농어촌 기본소득' 시범사업, 연천·정선 등 7개 군 선정",2025-10-20
경제,"농식품부, 도축장 외국인 비자 직종 신설…""인력난 해소 기대""",2025-10-20
경제,'관세폭탄'에 대미 車수출 7개월 연속↓…전체수출은 4개월째↑,2025-10-20
경제,"[아덱스 2025] 코트라, 방산수출상담회…200개 방산기업 참여",2025-10-20
경제,"이창용 ""최상목, 계엄 안 된다고 주장했다 들어""",2025-10-20
경제,"한경협, 룩셈부르크 경제단체와 협력 강화…""첨단산업으로 확대""",2025-10-20
경제,"두산건설·현대L&C, '고기능성 저소음 마루 바닥재' 개발",2025-10-20
경제,"금투협회장·증권사 CEO 대표단, '연금 선진국' 호주 방문",2025-10-20
경제,떨어진 기온에…편의점 군고구마·어묵 매출 '쑥',2025-10-20
경제,"방글라 잇단 대형화재에 현지 韓 의류기업 촉각…""피해 없어""",2025-10-20
경제,"울주군, 장애인일자리사업 기관 공모…""양질의 일자리 발굴""",2025-10-20
경제,[연합뉴스 이 시각 헤드라인] - 10:30,2025-10-20
경제,"성남시, 위례 유휴부지 '스토리박스' 일대 2만3천㎡ 개발",2025-10-20
경제,"대신증권, 미 달러 환매조건부채권 자동 매수 서비스 출시",2025-10-20
경제,"법원 ""개인회생에 과한 부담·지장 주는 채무변제 각서는 무효""",2025-10-20
경제,"두산로보틱스, ㈜대동과 농업 특화 로봇 개발 '맞손'",2025-10-20
경제,"中, '사실상 기준금리' LPR 5개월째 동결…'신중론' 유지",2025-10-20
경제,"이억원 ""가계부채 관리, 필요시 추가 조치 즉각 시행""",2025-10-20
경제,"[게시판] 미래에셋증권, 원화채권 온라인 특판금리 프로모션",2025-10-20
경제,"신한투자, 자체 개발 AI 기술 2건 특허 출원",2025-10-20
경제,"키움증권, MTS '영웅문S#' 간편모드 출시 기념 이벤트",2025-10-20
경제,"한화투자증권, '한국대표주 VA랩' 누적 판매액 1천억원 돌파",2025-10-20
경제,"삼성 간편결제 손잡은 우리은행…""결제시장 입지 확대 기반""",2025-10-20
경제,"삼성운용, 韓 소버린AI ETF 출시…""국가대표 기업에 투자""",2025-10-20
경제,"""집을 영화관으로 변신""…LG전자, 마이크로 LED 신제품 출시",2025-10-20
경제,"쿠팡, 로켓프레시데이 기획전…""냉장고 다시 채우세요""",2025-10-20
경제,"한국콜마, 정부 'AI팩토리' 사업 선정…""K뷰티 제조혁신 이끌어""",2025-10-20
경제,[용인소식] 24일부터 2주간 공정무역 포트나잇 축제,2025-10-20
경제,"[특징주] 네이처셀, 정부 줄기세포 규제 완화 기대에 15% 급등",2025-10-20
경제,"위메이드커넥트·그라비티·갈라랩, '라그나로크' 신작 계약",2025-10-20
경제,"고점 부담 컸나…코스피, 상승 출발 후 하락 전환(종합)",2025-10-20
경제,"[바이오스냅] GC녹십자엠에스, 개인용 혈당측정기 신제품 출시",2025-10-20
경제,"알피바이오, 최대 12시간 지속 방출 정제 특허",2025-10-20
경제,"""음식값 올리고 할인""…배민, '가격 부풀리기' 논란 여전(종합)",2025-10-20
경제,"한미 관세 불확실성 지속…환율 0.9원 오른 1,422.1원 출발",2025-10-20
경제,"""경제허리, 중견기업 지원 강화해야""…중견련-학회 공동학술대회",2025-10-20
경제,고령자 낙상 사고 4년새 3배↑…요양시설·버스 등에서 '빈발',2025-10-20
경제,"hy, APEC 정상회의 공식 후원…발효유 '윌' 제공",2025-10-20
경제,"""9월 서울·경기 신고가 비중 증가…10·15대책으로 이어져""",2025-10-20
경제,[특징주] 북미정상 회동 기대감에 남북경협주 장초반 강세,2025-10-20
경제,"스타벅스, 이탈리아 MSGM 증정품 내놓는다…겨울프리퀀시 이벤트",2025-10-20
경제,"23일 구로구 일자리박람회…""기업 30곳, 구직자 1천명 참여""",2025-10-20
경제,"인스파이어, 대표 교체…글로벌 경영 전문가 고규범 선임",2025-10-20
경제,"파리바게뜨, 몽골에 매장…15개국 진출해 글로벌사업 박차",2025-10-20
경제,"[외환] 원/달러 환율 0.9원 오른 1,422.1원(개장)",2025-10-20
경제,외국환시세(10월20일·하나은행 1차 고시 기준),2025-10-20
경제,"""美 신용 리스크 부각, 미중 갈등 완화에 오히려 도움""",2025-10-20
경제,"농심, 뉴욕 타임스스퀘어서 '케데헌' 협업 마케팅",2025-10-20
경제,"현대백화점, 서울대 학생 실무교육한다…'리테일 연계전공' 협력",2025-10-20
경제,"팔도 ""비빔면 20억개 판매""…'금 60돈' 증정 이벤트",2025-10-20
경제,외국인 관광객 'K푸드' 사랑…아이스크림·떡·만두·감자탕도,2025-10-20
경제,"구윤철 ""부동산 안정·자본시장 활성화에 더욱 힘쓰겠다""",2025-10-20
경제,"하나증권 ""네오위즈, IP 파워 잘 축적…3분기 호조 전망""",2025-10-20
경제,"삼성증권, 싱가포르 국부펀드 산하 운용지주와 전략적 파트너십",2025-10-20
경제,초고해상 광학위성 기술 개발…2030년까지 신약후보물질 4건,2025-10-20
경제,"한화證 ""코스맥스, 3분기 실적 기대치 하회할 것…美관세 영향""",2025-10-20
경제,"키움증권 ""현대차, 車관세 인하 시 성장 전환 예상…목표가↑""",2025-10-20
경제,"무신사 ""중국 티몰 무신사 스탠다드 2주 만에 거래액 5억원""",2025-10-20
경제,"한투증권, 현대건설 3분기 어닝 쇼크 전망에 목표가 18.9%↓",2025-10-20
경제,"편의점 '이색 하이볼' 경쟁…CU, 얼려먹는 샤베트 하이볼 출시",2025-10-20
경제,"메리츠證, LG전자 목표가 상향…""인도 IPO 성공적""",2025-10-20
경제,"홈플러스, 2만원대 '덕다운 경량 베스트' 출시",2025-10-20
경제,"CJ온스타일, 동반위와 상생 협약…3년간 800억원 규모",2025-10-20
경제,"잇단 보유세 강화 발언에 강남·한강벨트 1주택자도 ""세금폭탄 맞나"" 긴장",2025-10-20
경제,"IBK투자증권, KT&G 목표가↑…""실적 호조·주주환원 강화 지속""",2025-10-20
경제,"부산시, 소상공인 공유재산 임대료 50% 감면",2025-10-20
경제,부산여성회관 44년만에 재건축…가족 교육·문화공간 탈바꿈,2025-10-20
경제,"정부, 내년부터 '마스가' 상징 K-조선 테크 얼라이언스 가동",2025-10-20
경제,[연합뉴스 이 시각 헤드라인] - 07:30,2025-10-20
경제,'재건축·재개발의 모든것'…내달 양천구 도시정비사업 지식포럼,2025-10-20
경제,"""서울 매입임대주택 4년 연속 줄어…예산집행도 50% 미달""",2025-10-20
경제,"K뷰티 체험도 인기…""미용기기 써보고 인삼 입욕제 만들고""",2025-10-20
경제,"""음식값 올리고 할인""…배민, '가격 부풀리기' 논란 여전",2025-10-20
경제,인생 2막 펼친다…서울시 11월18일 '시니어 일자리박람회',2025-10-20
경제,"롯데百, 태양광 전력 구매…파주아울렛부터 시범도입",2025-10-20
경제,"울산지역 건설업체-대형 건설사 만남 행사…""공사 참여 확대""",2025-10-20
경제,"소비자보호 외치는 금감원, 분조위원 35명 중 소비자 관련은 6명",2025-10-20
경제,밀린 카드 빚 '역대 최대' 1조5천억 육박…약 4년새 2배로,2025-10-20
경제,부동산 세무조사 4년 새 1천건 감소…앞으로 고강도 예고,2025-10-20
증권,"무역긴장 완화에…코스피, 3,700 돌파 이틀만에 3,800선도 넘어",2025-10-20
증권,희토류·알루미늄·반도체…3대 악재 덮친 미국 차업계,2025-10-20
증권,"이억원 ""대출규제에 공급대책 더 충실히 해 시장 안정 도모""",2025-10-20
증권,"코스피, 최고치 또 경신…무역긴장 완화 기대에 장중 3,800 돌파",2025-10-20
증권,"'출시 1년' 디딤펀드, 평균수익률 12.5%…""안정적 수익흐름""",2025-10-20
증권,하나은행도 올해 대출모집인 대출 한도 소진…신규 접수 중단,2025-10-20
증권,"[속보] 코스피, 또 사상 최고치 경신…장중 3,800 돌파",2025-10-20
증권,국고채 금리 일제히 상승…3년물 장중 연 2.581%,2025-10-20
증권,[게시판] 교보증권 창립 76주년 김장 나눔 행사,2025-10-20
증권,"하나증권 ""국내 최초 외국인통합계좌 첫 거래 성공적 완료""",2025-10-20
증권,"반등 성공한 코스피…1%대 상승하며 3,800선 돌파 시도",2025-10-20
증권,"[게시판] 업비트, APEC CEO 서밋 코리아 2025 참여",2025-10-20
증권,"삼성운용, 韓 소버린AI ETF 출시…""국가대표 기업 투자""(종합)",2025-10-20
증권,"금투협회장·증권사 CEO 대표단, '연금 선진국' 호주 방문",2025-10-20
증권,올해 3분기 채권·CD 전자발행 160.5조…작년보다 1.6%↑,2025-10-20
증권,"정은보 거래소 이사장, 세계거래소연맹 연차총회 참석",2025-10-20
증권,"대신증권, 미 달러 환매조건부채권 자동 매수 서비스 출시",2025-10-20
증권,"[게시판] 미래에셋증권, 원화채권 온라인 특판금리 프로모션",2025-10-20
증권,"신한투자, 자체 개발 AI 기술 2건 특허 출원",2025-10-20
증권,"키움증권, MTS '영웅문S#' 간편모드 출시 기념 이벤트",2025-10-20
증권,日증시 장중 최고치…'확장 재정' 다카이치 총리 전망에 2.5%↑(종합),2025-10-20
증권,"한화투자증권, '한국대표주 VA랩' 누적 판매액 1천억원 돌파",2025-10-20
증권,"삼성운용, 韓 소버린AI ETF 출시…""국가대표 기업에 투자""",2025-10-20
증권,"[특징주] 네이처셀, 정부 줄기세포 규제 완화 기대에 15% 급등",2025-10-20
증권,기술특례 상장 도입 20년…AI 열풍에 관련 기업 상장 증가(종합),2025-10-20
증권,"'구찌 부진' 케링, 로레알에 뷰티 사업 판다",2025-10-20
증권,"고점 부담 컸나…코스피, 상승 출발 후 하락 전환(종합)",2025-10-20
증권,"닛케이지수, '통화 완화' 다카이치 총리 취임 전망에 1.9% 급등",2025-10-20
증권,"[특징주] LG전자, 인도법인 IPO 성공 평가에 강세",2025-10-20
증권,[특징주] 북미정상 회동 기대감에 남북경협주 장초반 강세,2025-10-20
증권,"코스피, 0.7% 상승 출발해 3,770대…코스닥도 올라",2025-10-20
증권,"[코스피] 26.51p(0.71%) 오른 3,775.40(개장)",2025-10-20
증권,[코스닥] 5.44p(0.63%) 오른 864.98(개장),2025-10-20
증권,"[외환] 원/달러 환율 0.9원 오른 1,422.1원(개장)",2025-10-20
증권,외국환시세(10월20일·하나은행 1차 고시 기준),2025-10-20
증권,"""美 신용 리스크 부각, 미중 갈등 완화에 오히려 도움""",2025-10-20
증권,"하나증권 ""네오위즈, IP 파워 잘 축적…3분기 호조 전망""",2025-10-20
증권,"삼성증권, 싱가포르 국부펀드 산하 운용지주와 전략적 파트너십",2025-10-20
증권,"한화證 ""코스맥스, 3분기 실적 기대치 하회할 것…美관세 영향""",2025-10-20
증권,"키움증권 ""현대차, 車관세 인하 시 성장 전환 예상…목표가↑""",2025-10-20
증권,"한투증권, 현대건설 3분기 어닝 쇼크 전망에 목표가 18.9%↓",2025-10-20
증권,"메리츠證, LG전자 목표가 상향…""인도 IPO 성공적""",2025-10-20
증권,"IBK투자증권, KT&G 목표가↑…""실적 호조·주주환원 강화 지속""",2025-10-20
증권,"[마켓뷰] 코스피, 상승 지속할까…치익실현 매물 출회 가능성도",2025-10-20
증권,기술특례 상장 도입 20년…AI 열풍에 관련 기업 상장 증가,2025-10-20
증권,테슬라 22일·애플 30일…빅테크 실적 발표 시즌,2025-10-20
증권,[코스피·코스닥 전 거래일(17일) 주요공시],2025-10-20
증권,밀린 카드 빚 '역대 최대' 1조5천억 육박…약 4년새 2배로,2025-10-20
증권,"엔비디아, 최신 AI 칩 블랙웰 美서 첫 생산…""공급망 강화""",2025-10-20
증권,'쪼개기 송금' 막는다…내년부터 해외송금 통합시스템 가동,2025-10-19
증권,"강원도, 1천500억원 규모 '전략산업 벤처펀드' 본격 추진",2025-10-19
증권,"中빅테크들, 당국 개입에 스테이블 코인 발행 계획 중단",2025-10-19
증권,"""조폐공사, 메달사업 물품 대금 153억원 못받아…회수불능 의심""",2025-10-19
증권,힘없던 이차전지株 '급충전'…이달 ETF 수익률 1위로 올라서,2025-10-19
증권,"롤러코스터 탄 코스피, 변동성 4년여만 최고치…공포지수도 들썩",2025-10-19
증권,"날개돋친 금값에 ETF 한달 수익률만 20% 넘어…""올라도 더 담자""",2025-10-19
증권,"삼전·하이닉스 주가상승률 순위 껑충…""합산시총 1천조 기대감""",2025-10-19
증권,[마켓인사이트] '파죽지세' 코스피…美 물가·中 4중전회 주목,2025-10-19
증권,[뉴욕증시-주간전망] 실적 발표 본격화…중요도 올라간 경영진 발언,2025-10-19
증권,美 중소형은행 부실대출 우려…'거품논란' 뉴욕증시에 부담,2025-10-19
증권,스타벅스 선불금 6년간 2.6조…고객돈으로 투자 수익 등 400억원,2025-10-19
증권,연말 은행 대출 '바늘구멍'…'지점당 주담대 월 10억원' 제한도,2025-10-19
증권,"정부, 이달 프린스·후이원 등 캄보디아 범죄조직 금융제재 추진",2025-10-19
증권,"日 3대 메가뱅크, 스테이블 코인 공동 발행 추진",2025-10-18
증권,"[IPO챗] 'AI 경량화' 노타, 다음주 청약 접수",2025-10-18
증권,[머니플로우] 국장·미장 모두 '유동성 파티'…뭉칫돈 줄 섰다,2025-10-18
증권,美 금융시장 불안 속 비트코인 약세 지속…10만7천달러 하회,2025-10-18
증권,"주유소 휘발윳값 4주 만에 하락 전환…""다음주도 내림세 전망""",2025-10-18
증권,"[이코노워치] ""한국은행이 금을 더 샀더라면…""",2025-10-18
증권,"뉴욕증시, 그래도 기댈 곳은 트럼프의 입…강세 마감",2025-10-18
증권,[뉴욕증시-1보] 그래도 기댈 곳은 트럼프의 입…강세 마감,2025-10-18
증권,[뉴욕유가] 토마호크 지원에 긍정적인 트럼프…WTI 강보합 마감,2025-10-18
증권,"달러-원, 트럼프 '中과 괜찮을 것' 발언에 상승폭 확대…1,422원대 마감",2025-10-18
증권,"뉴욕증시, 지역은행 불안과 트럼프 낙관론…혼조 출발",2025-10-17
증권,"'연일 불장' 코스피, 애프터마켓서 하락…""미중 긴장 고조 우려""",2025-10-17
증권,"하나은행, 경력 정규직 채용…27일까지 서류 접수",2025-10-17
증권,[표] 주간 코스닥 외국인 순매수도 상위종목,2025-10-17
증권,[표] 주간 코스닥 기관 순매수도 상위종목,2025-10-17
증권,[표] 주간 거래소 기관 순매수도 상위종목,2025-10-17
증권,[표] 주간 거래소 외국인 순매수도 상위종목,2025-10-17
증권,"삼성자산운용 ETF, 존속기한 만료로 내달 상장폐지",2025-10-17
증권,[부고] 선창훈(한양증권 자본시장1부 상무)씨 부친상,2025-10-17
증권,"국고채 금리, 美 지역은행 부실 우려에 일제히 하락(종합)",2025-10-17
증권,"거래소, AI에 투자하는 ETF 등 5종 21일 상장",2025-10-17
증권,"원익IPS, 애프터마켓서 10%대 급락",2025-10-17
증권,"이오테크닉스, 애프터마켓서 10%대 급락",2025-10-17
증권,"신성에스티, 애프터마켓서 10%대 급락",2025-10-17
증권,"포스코퓨처엠, 애프터마켓서 10%대 급락",2025-10-17
증권,국고채 금리 일제히 하락…3년물 연 2.555%,2025-10-17
증권,[표] 코스피 지수선물·옵션 시세표(17일)-3,2025-10-17
증권,[표] 코스피 지수선물·옵션 시세표(17일)-2,2025-10-17
증권,[표] 코스피 지수선물·옵션 시세표(17일)-1,2025-10-17
증권,"DH오토넥스, 유상증자…한국수출입은행 등에 3자 배정",2025-10-17
증권,"카카오뱅크, 정기예금·자유적금 1년 만기 금리 0.10%p 인상",2025-10-17
증권,"널뛰는 코스피…3,800선 턱밑까지 치솟았다가 강보합 마감(종합)",2025-10-17
증권,"""글로벌 기업들 올해 '트럼프 관세' 비용 1천700조원""",2025-10-17
증권,"프리시젼바이오, 170억원 유상증자…광동제약에 제3자배정",2025-10-17
증권,카자흐스탄 돼지고기 중국 수출길 열려…양국 통관협정 체결,2025-10-17
증권,"에코프로 등 이차전지주, 전기차 업황 회복 기대에 급등(종합)",2025-10-17
증권,"환율, 한미 무역협상 주시하며 3.3원 상승…1,421.2원",2025-10-17
증권,[표] 거래소 외국인 순매수도 상위종목(17일),2025-10-17
증권,[표] 코스닥 기관 순매수도 상위종목(17일),2025-10-17
증권,[표] 거래소 기관 순매수도 상위종목(17일),2025-10-17
증권,[표] 코스닥 외국인 순매수도 상위종목(17일),2025-10-17
증권,트럼프-푸틴 회담 기대에 우크라 재건주 줄상승(종합),2025-10-17
증권,"""4중전회 앞둔 中… 내수 부진에 3분기 성장률 4.7% 전망""",2025-10-17
증권,"널뛰는 코스피…3,800선 턱밑까지 치솟았다가 보합 마감",2025-10-17
증권,외국환시세(10월17일·마감가),2025-10-17
증권,[표] 투자자별 매매동향(17일),2025-10-17
증권,[코스닥] 5.87p(0.68%) 내린 859.54(장종료),2025-10-17
증권,"[코스피] 0.52p(0.01%) 오른 3,748.89(장종료)",2025-10-17
증권,"[외환] 원/달러 환율 3.3원 오른 1,421.2원(15:30 종가)",2025-10-17
증권,미국 5년물 국채금리 1년만에 최저,2025-10-17
증권,"[게시판] 미래에셋, 美나스닥100 ETF 상장 15주년 이벤트",2025-10-17
증권,"[게시판] 닥사, 동남아 범죄 자금 거래 모니터링 사례 공유",2025-10-17
증권,"하나은행, 미성년자 전용 적금 '꿈꾸는 저금통' 출시",2025-10-17
증권,"해양진흥공사, 해운산업 위기대응펀드 2조원 확대",2025-10-17
